{"obstacles":[{"moveStates":[{"quat":{"x":0,"y":0,"z":0.9948843792867973,"w":0.10102015566768849},"tran":{"x":1071.6748094586674,"y":-820.6744868035191,"z":0},"is_reversing":false,"timestamp_interval":1,"speed":500,"lock_type":"speed"},{"quat":{"x":0,"y":0,"z":0.9728904966522426,"w":-0.23126625677723217},"tran":{"x":-810.2872777017783,"y":-797.2140762463341,"z":0},"is_reversing":false,"timestamp_interval":3.815202232926759,"speed":500,"lock_type":"speed"}],"type":"car","name":"obstacle-0"}]}